<?xml version="1.0" encoding="utf-8"?>
<odoo>
    <data noupdate="1">
        <!-- Template Sequence for Asset Unique Code -->
        <record id="seq_asset_unique_code_template" model="ir.sequence">
            <field name="name">Asset Unique Code Sequence Template</field>
            <field name="code">asset.unique.code.template</field>
            <field name="prefix">AST-</field>
            <field name="padding">5</field>
            <field name="number_next">1</field>
            <field name="number_increment">1</field>
        </record>
    </data>
</odoo>