<?xml version="1.0" encoding="utf-8"?>
<odoo>
<!--    &lt;!&ndash; Company Group Security &ndash;&gt;-->
<!--    <record id="company_group_manager" model="res.groups">-->
<!--        <field name="name">Company Group Manager</field>-->
<!--        <field name="category_id" ref="base.module_category_hidden"/>-->
<!--    </record>-->

<!--    &lt;!&ndash; Product Template Rules &ndash;&gt;-->
<!--    <record id="product_template_allowed_companies_rule" model="ir.rule">-->
<!--        <field name="name">Product visibility based on allowed companies</field>-->
<!--        <field name="model_id" ref="product.model_product_template"/>-->
<!--        <field name="domain_force">['|', ('allowed_company_ids', 'in', company_ids),-->
<!--                                   ('company_group_ids.company_ids', 'in', company_ids)]</field>-->
<!--        <field name="groups" eval="[(4, ref('base.group_user'))]"/>-->
<!--        <field name="perm_read" eval="True"/>-->
<!--        <field name="perm_write" eval="True"/>-->
<!--        <field name="perm_create" eval="True"/>-->
<!--        <field name="perm_unlink" eval="True"/>-->
<!--    </record>-->

<!--    &lt;!&ndash; Partner Rules &ndash;&gt;-->
<!--    <record id="partner_allowed_companies_rule" model="ir.rule">-->
<!--        <field name="name">Partner visibility based on allowed companies</field>-->
<!--        <field name="model_id" ref="base.model_res_partner"/>-->
<!--        <field name="domain_force">['|', ('allowed_company_ids', 'in', company_ids),-->
<!--                                   ('company_group_ids.company_ids', 'in', company_ids)]</field>-->
<!--        <field name="groups" eval="[(4, ref('base.group_user'))]"/>-->
<!--        <field name="perm_read" eval="True"/>-->
<!--        <field name="perm_write" eval="True"/>-->
<!--        <field name="perm_create" eval="True"/>-->
<!--        <field name="perm_unlink" eval="True"/>-->
<!--    </record>-->

    <!-- Group for users who should see all products -->
    <record id="group_show_all_products" model="res.groups">
        <field name="name">Show All Products</field>
        <field name="category_id" ref="base.module_category_hidden"/>
    </record>

    <!-- Rule to bypass company restrictions for users in the "Show All Products" group -->
    <record id="product_template_show_all_rule" model="ir.rule">
        <field name="name">Bypass allowed companies rule for specific group</field>
        <field name="model_id" ref="product.model_product_template"/>
        <field name="domain_force">[(1, '=', 1)]</field>
        <field name="groups" eval="[(4, ref('company_base_access.group_show_all_products'))]"/>
        <field name="perm_read" eval="True"/>
        <field name="perm_write" eval="True"/>
        <field name="perm_create" eval="True"/>
        <field name="perm_unlink" eval="True"/>
    </record>

    <!-- Rule to bypass company restrictions for partners in the "Show All Products" group -->
    <record id="partner_show_all_rule" model="ir.rule">
        <field name="name">Bypass allowed companies rule for partners</field>
        <field name="model_id" ref="base.model_res_partner"/>
        <field name="domain_force">[(1, '=', 1)]</field>
        <field name="groups" eval="[(4, ref('company_base_access.group_show_all_products'))]"/>
        <field name="perm_read" eval="True"/>
        <field name="perm_write" eval="True"/>
        <field name="perm_create" eval="True"/>
        <field name="perm_unlink" eval="True"/>
    </record>
</odoo>