<?xml version="1.0" ?>
<odoo>
    <!--	Sequence for loan request-->
    <data noupdate='1'>
        <record id="hr_loan_sequence" model="ir.sequence">
            <field name="name">Loan Request</field>
            <field name="code">hr.loan.seq</field>
            <field name="prefix">LO/</field>
            <field name="padding">4</field>
            <field name="number_increment">1</field>
            <field name="number_next_actual">1</field>
            <field name="implementation">standard</field>
        </record>
    </data>
</odoo>
