<?xml version="1.0" encoding="UTF-8"?>
<odoo>
    <data>
        <!-- advance salary rule -->
        <record id="hr_payslip_rule_advance" model="hr.salary.rule">
            <field name="code">SAR</field>
            <field name="name">Advance Salary</field>
            <field name="category_id" ref="hr_payroll.DED"/>
            <field name="condition_select">python</field>
            <field name="condition_python">result = 'SAR' in inputs</field>
            <field name="amount_select">code</field>
            <field name="amount_python_compute">result = - inputs['SAR'].amount</field>
            <field name="appears_on_payslip" eval="True"/>
            <field name="sequence" eval="190"/>
            <field name="struct_id" ref="hr_payroll.structure_002"/>
        </record>

        <record id="hr_rule_input_advance" model="hr.payslip.input.type">
            <field name="code">SAR</field>
            <field name="name">Salary Advance</field>
            <field name="input_id" ref="hr_payslip_rule_advance"/>
        </record>

    </data>
</odoo>
